Topic Cluster,Topic,Type,Blog Post Ideas,Keywords,Word Count,Blog Outline,Article,Processed
Men's Fashion,Best Men's T-Shirt Brands,Blog,Best Men's T-Shirt Brands,t-shirt; best; men's; brands,800-1000,"### Best Men's Pants for 2024

The year 2024 brings an exciting evolution in men's fashion, especially in the realm of pants. Whether it’s about embracing timeless styles or going for modern and innovative designs, men’s pants for 2024 offer a wide array of options to choose from. Here's a preview of the best men's pants trends for 2024.

#### 1. Classic Wool Dress Pants
Reviving the timeless elegance of wool dress pants remains a key trend for 2024. The ""Marco Pescarolo Blue Wool Dress Pants"" exemplify this trend with their classic design, offering a perfect blend of sophistication and comfort【46†source】.

![Marco Pescarolo Blue Wool Dress Pants](https://cdn.shopify.com/s/files/1/0665/8172/5438/products/19PES1_1.jpg?v=1703691706)

#### 2. Contemporary Slim-Fit Trousers
2024 sees a surge in the popularity of slim-fit trousers, combining a modern look with a comfortable fit. These trousers are versatile, offering a seamless transition from casual to semi-formal occasions. The ""Marco Pescarolo Gray Wool Dress Pants"" serve as a great example, embodying the contemporary slim-fit trend【46†source】.

#### 3. Versatile Dark Blue Wool Pants
Dark blue wool pants have emerged as a versatile and essential item in men's wardrobes for 2024. These pants effortlessly blend with both formal and informal attire, offering a stylish and refined look. The ""Marco Pescarolo Dark Blue Wool Dress Pants"" are a perfect embodiment of this trend, showcasing elegance and adaptability.

![Marco Pescarolo Dark Blue Wool Dress Pants](https://cdn.shopify.com/s/files/1/0665/8172/5438/products/19PES3_1.jpg?v=1674142156)

#### 4. Tailored Dark Gray Wool Pants
Tailored dark gray wool pants have made a prominent comeback in men's fashion for 2024. These pants bring a combination of sophistication and versatility to any wardrobe. The ""Marco Pescarolo Dark Gray Wool Dress Pants"" exemplify this trend, providing a timeless yet refined look【46†source】.

#### 5. Stylish Gray Wool Dress Pants
Gray wool dress pants continue to maintain a strong presence in men's fashion for 2024. Offering a well-balanced aesthetic, these pants seamlessly fit into various outfit ensembles. The ""Marco Pescarolo Gray Wool Dress Pants"" perfectly capture the essence of this enduring trend.

![Marco Pescarolo Gray Wool Dress Pants](https://cdn.shopify.com/s/files/1/0665/8172/5438/products/19PES5_1.jpg?v=1674142205)

For those keen on transforming their wardrobe with timeless yet contemporary choices, these men's pants selections encapsulate the essence of 2024's fashion statement.

---","### Key Takeaways

Here's a quick summary of the best men's pants trends for 2024:

| Trend                                  | Description                                                                            |
|----------------------------------------|----------------------------------------------------------------------------------------|
| Classic Wool Dress Pants               | Timeless elegance and comfort embodied in the Marco Pescarolo Blue Wool Dress Pants    |
| Contemporary Slim-Fit Trousers         | Modern look and versatility showcased by the Marco Pescarolo Gray Wool Dress Pants     |
| Versatile Dark Blue Wool Pants         | Adaptable and stylish, the Marco Pescarolo Dark Blue Wool Dress Pants stand out         |
| Tailored Dark Gray Wool Pants          | Sophistication and versatility redefined in the Marco Pescarolo Dark Gray Wool Dress Pants |
| Stylish Gray Wool Dress Pants          | Timeless charm and versatility epitomized by the Marco Pescarolo Gray Wool Dress Pants  |

The year 2024 introduces an exciting evolution in men's fashion, particularly in the domain of pants. Whether it's about embracing timeless styles or going for modern and innovative designs, men’s pants for 2024 offer a wide array of options to choose from. Here's a look at the top men's pants trends for 2024:

#### Classic Wool Dress Pants
Reviving the timeless elegance of wool dress pants remains a key trend for 2024. The ""Marco Pescarolo Blue Wool Dress Pants"" exemplify this trend with their classic design, offering a perfect blend of sophistication and comfort.

![Marco Pescarolo Blue Wool Dress Pants](https://cdn.shopify.com/s/files/1/0665/8172/5438/products/19PES1_1.jpg?v=1703691706)

#### Contemporary Slim-Fit Trousers
2024 sees a surge in the popularity of slim-fit trousers, combining a modern look with a comfortable fit. These trousers are versatile, offering a seamless transition from casual to semi-formal occasions. The ""Marco Pescarolo Gray Wool Dress Pants"" serve as a great example, embodying the contemporary slim-fit trend.

#### Versatile Dark Blue Wool Pants
Dark blue wool pants have emerged as a versatile and essential item in men's wardrobes for 2024. These pants effortlessly blend with both formal and informal attire, offering a stylish and refined look. The ""Marco Pescarolo Dark Blue Wool Dress Pants"" are a perfect embodiment of this trend, showcasing elegance and adaptability.

![Marco Pescarolo Dark Blue Wool Dress Pants](https://cdn.shopify.com/s/files/1/0665/8172/5438/products/19PES3_1.jpg?v=1674142156)

#### Tailored Dark Gray Wool Pants
Tailored dark gray wool pants have made a prominent comeback in men's fashion for 2024. These pants bring a combination of sophistication and versatility to any wardrobe. The ""Marco Pescarolo Dark Gray Wool Dress Pants"" exemplify this trend, providing a timeless yet refined look.

#### Stylish Gray Wool Dress Pants
Gray wool dress pants continue to maintain a strong presence in men's fashion for 2024. Offering a well-balanced aesthetic, these pants seamlessly fit into various outfit ensembles. The ""Marco Pescarolo Gray Wool Dress Pants"" perfectly capture the essence of this enduring trend.

![Marco Pescarolo Gray Wool Dress Pants](https://cdn.shopify.com/s/files/1/0665/8172/5438/products/19PES5_1.jpg?v=1674142205)

These men's pants selections encapsulate the essence of 2024's fashion statement, perfectly balancing timeless elegance with contemporary style.

---",Yes
